subset_size,predictors,subset_tuple,rss,r2,adj_r2,aic,bic,cp,cv_rmse_mean,cv_rmse_se,cv_rmse_min_fold,cv_rmse_max_fold,n_parameters_including_intercept
1,shell_weight,"('shell_weight',)",375084.42280698917,0.48476174135800554,0.48475463364302906,324880.66639390367,324899.04885688354,5.174367186684043,2.274518353608353,0.010624700531972361,2.2214152994157987,2.3336714828757166,2
1,height,"('height',)",406361.0163674775,0.4417983533245553,0.44179065292937425,330686.6115129809,330704.99397596077,5.605816085327869,2.3674208134917096,0.017118075074027402,2.2938597469273474,2.4754589823112156,2
1,diameter,"('diameter',)",432220.4655173432,0.40627627685518897,0.4062680864327425,335158.920459129,335177.30292210885,5.962537504930939,2.441707028142368,0.00830343609855049,2.401289563636803,2.482978367558384,2
1,whole_weight,"('whole_weight',)",449882.9804263735,0.3820139964947755,0.38200547137402086,338062.34905944916,338080.73152242904,6.206185285500247,2.491071065024052,0.00905784210063654,2.4517325424701766,2.53778564115722,2
1,whole_weight_2,"('whole_weight_2',)",474268.55522378883,0.3485165214448188,0.34850753422618785,341888.92830002285,341907.3107630027,6.542575160209393,2.5576905146193014,0.009684146721475327,2.5158957310195036,2.60398312719591,2
1,whole_weight_1,"('whole_weight_1',)",534230.5974436607,0.26614909603488035,0.2661389725571045,350519.37946585636,350537.76192883623,7.369729083675042,2.714584106249547,0.009429820962940783,2.6717483222568363,2.767997852050936,2
1,sex_I,"('sex_I',)",534461.8180616632,0.26583147764995696,0.26582134979063354,350550.7479776163,350569.1304405962,7.372918685534592,2.7152392090961457,0.00803535960599479,2.670498806800075,2.7551994880433655,2
2,shell_weight + whole_weight_1,"('shell_weight', 'whole_weight_1')",314412.88503940357,0.568103772025562,0.5680918558388861,312091.88175122335,312119.4554456931,4.337535037998251,2.0824437132958153,0.012103594050966312,2.0274671286766726,2.1576419399959264,3
2,shell_weight + whole_weight,"('shell_weight', 'whole_weight')",346013.28292449436,0.5246955871245147,0.5246824732889569,319034.4494070483,319062.02310151805,4.773450696072119,2.1845889806540666,0.012425708173035574,2.1230061545820393,2.265437473521311,3
2,shell_weight + whole_weight_2,"('shell_weight', 'whole_weight_2')",352133.14258621336,0.5162889841212757,0.5162756383442371,320305.3926192387,320332.96631370846,4.857871868914901,2.2038216859832334,0.011900502436534432,2.1477298146080166,2.2794722148285125,3
2,whole_weight_1 + whole_weight,"('whole_weight_1', 'whole_weight')",358103.32744227967,0.5080879833279335,0.5080744112820597,321524.14398684667,321551.7176813164,4.940228333849878,2.2225399995076662,0.010263926785014539,2.17703423310427,2.260434933395548,3
2,shell_weight + height,"('shell_weight', 'height')",369731.4191921346,0.4921149453124156,0.4921009325641452,323840.64607770205,323868.2197721718,5.10063350614275,2.258351606578607,0.010594397680346363,2.2037468067788875,2.318539925484436,3
2,shell_weight + sex_I,"('shell_weight', 'sex_I')",369790.75554906856,0.492033437365506,0.49201942236839924,323852.27902487526,323879.852719345,5.101452028971945,2.2584260983446667,0.01047591303546968,2.2095634987226886,2.3151261835472203,3
2,shell_weight + diameter,"('shell_weight', 'diameter')",375074.8683878351,0.4847748658760819,0.4847606506121349,324880.8198022224,324908.3934966922,5.174344387284124,2.27452632179183,0.010669014147683077,2.2213284319958553,2.3341466069929746,3
2,height + sex_I,"('height', 'sex_I')",396683.9902700306,0.45509129158620976,0.45507625734078183,328941.4094785224,328968.9831729921,5.4724341334933,2.3393581565379646,0.014257770305747822,2.2765300311722068,2.4312457614057292,3
2,whole_weight_1 + height,"('whole_weight_1', 'height')",397952.0285345615,0.4533494388523134,0.45333435654848386,329172.7674983488,329200.34119281854,5.489926246616553,2.343885464849918,0.023875200272383976,2.2535148203537787,2.4912951298918062,3
2,height + diameter,"('height', 'diameter')",402854.39259601326,0.4466152601750206,0.44659999207255474,330060.33934025175,330087.9130347215,5.557552523467126,2.3583343438597852,0.013154806808046197,2.2960624519433734,2.4418145418003463,3
2,height + whole_weight,"('height', 'whole_weight')",404813.6271524943,0.44392393912895345,0.4439085967718821,330412.0410458649,330439.6147403347,5.584579430663521,2.364019840302441,0.014793149742648398,2.2973232337688776,2.4579900859096453,3
2,height + whole_weight_2,"('height', 'whole_weight_2')",406329.6734398318,0.44184140783303094,0.4418260080181027,330683.0199354213,330710.59362989105,5.605492721610625,2.368482783997041,0.01705096691182904,2.295364409018323,2.4765807554215855,3
2,whole_weight_1 + diameter,"('whole_weight_1', 'diameter')",415628.4136267955,0.4290681055837906,0.42905235334843306,332323.2812658531,332350.85496032285,5.733765361170352,2.3944380809506036,0.007829669207880202,2.3571134432187337,2.4316193202183216,3
2,diameter + sex_I,"('diameter', 'sex_I')",421005.72190229764,0.4216815153028166,0.4216655592685301,333255.1514414504,333282.72513592016,5.80794331564122,2.4098305583162527,0.008359676160650345,2.3699639097563523,2.450688563530907,3
2,diameter + whole_weight,"('diameter', 'whole_weight')",429260.04770949023,0.410342882726891,0.41032661385527536,334662.69107563194,334690.2647701017,5.921808649846271,2.4333326649859464,0.008560308409108056,2.391981104216225,2.475762500736274,3
2,diameter + whole_weight_2,"('diameter', 'whole_weight_2')",431988.6943210921,0.40659465154712116,0.4065782792603341,335122.0373767867,335149.61107125646,5.959449308285849,2.441077030665043,0.008400473753846267,2.400234449522147,2.4825959837498885,3
2,sex_I + whole_weight,"('sex_I', 'whole_weight')",433597.10476701945,0.4043852433527222,0.4043688101074947,335391.44342380174,335419.0171182715,5.981636728220839,2.4455719658790263,0.00912074600365301,2.4041964838818672,2.490662630537625,3
2,whole_weight + whole_weight_2,"('whole_weight', 'whole_weight_2')",447868.0540171203,0.38478181918020204,0.38476484506879705,337738.94416450453,337766.5178589743,6.178499130280389,2.4855362061005835,0.008786151663658226,2.4475787360573884,2.5321965364380614,3
2,sex_I + whole_weight_2,"('sex_I', 'whole_weight_2')",451718.4863458667,0.3794926364590553,0.37947551641702015,338359.5120196842,338387.08571415395,6.231614402706952,2.4961610714918594,0.009475991129546679,2.4523874643132304,2.5410281520513873,3
2,whole_weight_1 + whole_weight_2,"('whole_weight_1', 'whole_weight_2')",459831.53028662136,0.3683480770528347,0.3683306495280255,339649.9432652007,339677.51695967047,6.343530806458465,2.5185437045593226,0.010220332625234361,2.4776730689588473,2.559767710652877,3
2,whole_weight_1 + sex_I,"('whole_weight_1', 'sex_I')",488728.1296830301,0.328653990472912,0.3286354677726533,344068.0536698386,344095.62736430834,6.742148576645641,2.5964188632594096,0.009122179100882949,2.550139513152811,2.643605691625292,3
3,shell_weight + whole_weight_1 + height,"('shell_weight', 'whole_weight_1', 'height')",298097.0970293976,0.5905161082663908,0.5904991613003384,308230.94398369896,308267.70890965866,4.11257385104037,2.028107062582367,0.012572275544126647,1.9699068026894049,2.1124731752462464,4
3,shell_weight + whole_weight_1 + diameter,"('shell_weight', 'whole_weight_1', 'diameter')",300616.8192325153,0.5870548680728358,0.5870377778593414,308841.1211498512,308877.8860758109,4.147332475483311,2.0363035462141514,0.011329686698166698,1.9857307140387195,2.1008987117373277,4
3,shell_weight + whole_weight_1 + sex_I,"('shell_weight', 'whole_weight_1', 'sex_I')",305240.3637857045,0.5807036924454632,0.5806863393811951,309947.5749741583,309984.339900118,4.211112541603561,2.0518562790265116,0.011796465355328802,2.0015798617094136,2.1230420700166492,4
3,shell_weight + whole_weight_1 + whole_weight,"('shell_weight', 'whole_weight_1', 'whole_weight')",309273.2526258056,0.5751638766148823,0.5751462942789073,310899.07992782554,310935.84485378524,4.266744733295074,2.0654832801355547,0.01154373807470302,2.0178546037396345,2.1299500395713395,4
3,shell_weight + whole_weight_1 + whole_weight_2,"('shell_weight', 'whole_weight_1', 'whole_weight_2')",314185.2879230067,0.5684164129532941,0.5683985513657053,312041.3872592172,312078.1521851769,4.334504421222032,2.0817628128353824,0.012002077493236885,2.0272165043804877,2.155449496707673,4
3,whole_weight_1 + height + whole_weight,"('whole_weight_1', 'height', 'whole_weight')",328927.2235167705,0.5481660139431177,0.5481473142692659,315365.4079077097,315402.1728336694,4.537863903561654,2.1309824017734877,0.012295702972628457,2.079917035815634,2.200267331755079,4
3,shell_weight + height + whole_weight,"('shell_weight', 'height', 'whole_weight')",330860.84967583744,0.5455098701139325,0.5454910605124859,315790.31049242767,315827.07541838737,4.5645375525031495,2.1365989259081877,0.013208256937785587,2.0692894021468113,2.2276900950947454,4
3,whole_weight_1 + diameter + whole_weight,"('whole_weight_1', 'diameter', 'whole_weight')",336138.7296390476,0.5382598604728623,0.5382407508213534,316937.57376470114,316974.33869066084,4.637343930630531,2.153313171410297,0.01069731398235359,2.1035189642988104,2.1899359833741867,4
3,shell_weight + sex_I + whole_weight,"('shell_weight', 'sex_I', 'whole_weight')",336821.9053063978,0.5373214097673976,0.5373022612770171,317084.75856250076,317121.52348846046,4.646768083190127,2.1553911658615865,0.012160274003211381,2.0980848730546953,2.233324221480405,4
3,shell_weight + diameter + whole_weight,"('shell_weight', 'diameter', 'whole_weight')",338513.8268945051,0.5349972857040963,0.5349780410271444,317447.98837702355,317484.75330298324,4.670107508066076,2.1608350626170414,0.011694378486002724,2.0998009895893426,2.2356203590515595,4
3,shell_weight + height + whole_weight_2,"('shell_weight', 'height', 'whole_weight_2')",338637.17167379067,0.5348278519835059,0.5348086002943429,317474.39758223115,317511.16250819084,4.671809003117745,2.161497306172576,0.012593692900007088,2.099826915386495,2.245343481783107,4
3,shell_weight + sex_I + whole_weight_2,"('shell_weight', 'sex_I', 'whole_weight_2')",342881.2370145838,0.5289979515589864,0.5289784585926289,318377.27785044943,318414.04277640913,4.730354295574748,2.174684951261879,0.01167855059413588,2.1234896247251855,2.2470326252131074,4
3,shell_weight + whole_weight + whole_weight_2,"('shell_weight', 'whole_weight', 'whole_weight_2')",344942.80145731603,0.5261660640985515,0.526146453931245,318811.82904010883,318848.5939660685,4.758792805241087,2.1812240466712254,0.012516728421173065,2.120516466738579,2.2633143556522017,4
3,whole_weight_1 + sex_I + whole_weight,"('whole_weight_1', 'sex_I', 'whole_weight')",346861.21112635103,0.5235308225445607,0.5235111033147245,319213.8784866942,319250.6434126539,4.785256548399436,2.1873766625059026,0.010436073292856042,2.140397477432011,2.2312104901958,4
3,shell_weight + diameter + whole_weight_2,"('shell_weight', 'diameter', 'whole_weight_2')",348267.5383662511,0.5215990078540325,0.5215792086738035,319507.1985757859,319543.9635017456,4.804656306164431,2.1917375783832185,0.011302496702180934,2.1365163151645037,2.2620977458940623,4
3,whole_weight_1 + whole_weight + whole_weight_2,"('whole_weight_1', 'whole_weight', 'whole_weight_2')",357219.377155386,0.5093022299850909,0.5092819218884397,321346.9818928631,321383.7468188228,4.928143570816185,2.2198527206474323,0.01000388514562522,2.1752237769383305,2.2587409079926246,4
3,shell_weight + height + sex_I,"('shell_weight', 'height', 'sex_I')",366064.0212965604,0.497152701056368,0.49713189013736303,323120.00172520883,323156.7666511685,5.050152125431514,2.2471248503057133,0.010364237003258687,2.196514009720923,2.3046621796407365,4
3,shell_weight + height + diameter,"('shell_weight', 'height', 'diameter')",367354.75911369943,0.49537966686772006,0.4953587825696376,323375.1581649942,323411.9230909539,5.067957370384598,2.2513509506024105,0.011573553247695009,2.1935310805426838,2.321157170134508,4
3,shell_weight + diameter + sex_I,"('shell_weight', 'diameter', 'sex_I')",369379.6927700835,0.4925980976327914,0.4925770982162383,323773.6514345439,323810.4163605036,5.095890572067323,2.257205698126845,0.010701180111494655,2.208119677007492,2.315860436532416,4
3,whole_weight_1 + height + diameter,"('whole_weight_1', 'height', 'diameter')",378197.25101010414,0.4804857755079124,0.4804642748088521,325483.7953370695,325520.5602630292,5.217525486816821,2.285454645617823,0.014276581074086851,2.2213668054269893,2.3772161664202405,4
3,whole_weight_1 + height + whole_weight_2,"('whole_weight_1', 'height', 'whole_weight_2')",381449.90142354486,0.4760177415585132,0.47599605594468297,326104.59033119003,326141.3552571497,5.262394581523005,2.2951654565944137,0.018544255587808086,2.2199404461951118,2.411028211076748,4
3,whole_weight_1 + height + sex_I,"('whole_weight_1', 'height', 'sex_I')",384589.8674610546,0.4717044975659893,0.4716826334435511,326698.8772130121,326735.6421389718,5.3057092374506905,2.304369933415797,0.0205807048629372,2.224713506440251,2.435070453227484,4
3,whole_weight_1 + diameter + whole_weight_2,"('whole_weight_1', 'diameter', 'whole_weight_2')",393976.6647565463,0.45881023483825334,0.4587878370717887,328446.9633561384,328483.7282820981,5.435196591855201,2.3312954885332546,0.009251904126486587,2.2933904706416417,2.367019615958095,4
3,height + diameter + sex_I,"('height', 'diameter', 'sex_I')",395344.25582688046,0.45693163045276575,0.4569091549380786,328698.1653919385,328734.9303178982,5.4540619986633185,2.336216764441757,0.012378155693952743,2.279058008784257,2.4156556635467545,4
3,height + sex_I + whole_weight,"('height', 'sex_I', 'whole_weight')",396338.9018911468,0.4555653254959178,0.4555427934351144,328880.3188701973,328917.083796157,5.467782768738173,2.3391213499403185,0.01351210153916555,2.2788502491208926,2.426156176203638,4
3,height + sex_I + whole_weight_2,"('height', 'sex_I', 'whole_weight_2')",396424.7096001252,0.4554474549263503,0.45542491798733664,328896.0117510848,328932.7766770445,5.468966453958314,2.3394492694695,0.015306004726706545,2.273854842747097,2.438460164348325,4
3,height + whole_weight + whole_weight_2,"('height', 'whole_weight', 'whole_weight_2')",401176.9944062729,0.44891943403503687,0.44889662692630306,329759.8682478289,329796.6331737886,5.53452244366956,2.353449235867683,0.014956223761823305,2.2867251927409633,2.449372771902891,4
3,height + diameter + whole_weight_2,"('height', 'diameter', 'whole_weight_2')",401749.5038501867,0.4481330010322191,0.44811016137604287,329863.245983479,329900.0109094387,5.542419997108751,2.355344293254679,0.013714093233033532,2.291419603005602,2.442990111147197,4
3,whole_weight_1 + diameter + sex_I,"('whole_weight_1', 'diameter', 'sex_I')",402916.93677454884,0.4465293457736822,0.446506439748372,330073.5930357712,330110.3579617309,5.558524297229622,2.3575460450879757,0.007812148043803643,2.3198937577313488,2.393773258753888,4
3,height + diameter + whole_weight,"('height', 'diameter', 'whole_weight')",402845.5165981585,0.4466274527732741,0.446604550808236,330060.7421231511,330097.5070491108,5.55753908263504,2.3584347782979163,0.01313532548913399,2.2962552801919056,2.441731109914457,4
3,diameter + sex_I + whole_weight,"('diameter', 'sex_I', 'whole_weight')",419207.03700044303,0.42415229580002245,0.4241284636745313,332946.77656625665,332983.54149221635,5.783240131058101,2.404685472245064,0.008586887280191757,2.3646669938878904,2.4465547285413103,4
3,diameter + sex_I + whole_weight_2,"('diameter', 'sex_I', 'whole_weight_2')",421003.2677943209,0.42168488641140867,0.42166095216931665,333256.7288730512,333293.4937990109,5.808018462375735,2.409855638422701,0.008372000395648555,2.3699435352935883,2.450727813067458,4
3,diameter + whole_weight + whole_weight_2,"('diameter', 'whole_weight', 'whole_weight_2')",426361.2346921956,0.4143248645964186,0.4143006257512827,334173.4888075342,334210.2537334939,5.881929609783375,2.4251420392971013,0.008308528746510307,2.385010309484187,2.4673449617202348,4
3,sex_I + whole_weight + whole_weight_2,"('sex_I', 'whole_weight', 'whole_weight_2')",430679.5853008635,0.40839292151233964,0.40836843716685534,334904.0223230685,334940.7872490282,5.941499639699337,2.437372983973671,0.008826786639156828,2.3981562463667925,2.4820275968931123,4
3,whole_weight_1 + sex_I + whole_weight_2,"('whole_weight_1', 'sex_I', 'whole_weight_2')",436381.37154765293,0.4005606090026399,0.40053580050781323,335857.44974594493,335894.2146719046,6.020153646304058,2.453502549357408,0.009860261945982619,2.413262742133884,2.4976041748788083,4
4,shell_weight + whole_weight_1 + height + sex_I,"('shell_weight', 'whole_weight_1', 'height', 'sex_I')",292368.074535155,0.5983858341045477,0.5983636721077265,306826.1841891749,306872.14034662454,4.0336531308341765,2.008498467213358,0.01197754095578761,1.9547585380531796,2.087688400073752,5
4,shell_weight + whole_weight_1 + height + diameter,"('shell_weight', 'whole_weight_1', 'height', 'diameter')",294170.6294820836,0.5959097374833882,0.5958874388498392,307271.75145932456,307317.7076167742,4.058518701475469,2.0146743761113006,0.011551306871469656,1.961873958757555,2.0867861736427624,5
4,shell_weight + whole_weight_1 + diameter + sex_I,"('shell_weight', 'whole_weight_1', 'diameter', 'sex_I')",295337.7616948453,0.5943064953001803,0.5942841081960264,307558.7969371553,307604.75309460494,4.074618853392393,2.0183570682293293,0.011200446978756166,1.9708063523890886,2.081469530527012,5
4,shell_weight + whole_weight_1 + height + whole_weight,"('shell_weight', 'whole_weight_1', 'height', 'whole_weight')",295536.53932455013,0.5940334425324336,0.5940110403605976,307607.57140052697,307653.5275579766,4.077360916374582,2.0195013919858362,0.0120260931027952,1.9674124080309514,2.0953455738123368,5
4,shell_weight + whole_weight_1 + diameter + whole_weight,"('shell_weight', 'whole_weight_1', 'diameter', 'whole_weight')",298164.0922250025,0.5904240796834319,0.5904014783386216,308249.23421297345,308295.1903704231,4.113607024916936,2.0280829910642693,0.011239461457008257,1.9824397967140774,2.0867332262561824,5
4,shell_weight + whole_weight_1 + height + whole_weight_2,"('shell_weight', 'whole_weight_1', 'height', 'whole_weight_2')",298064.2316289301,0.5905612541340324,0.5905386603588249,308224.95125254185,308270.9074099915,4.11222948538054,2.0280848744165096,0.012654254030274401,1.9695203858264332,2.113459740789306,5
4,shell_weight + whole_weight_1 + diameter + whole_weight_2,"('shell_weight', 'whole_weight_1', 'diameter', 'whole_weight_2')",300605.2186001099,0.5870708033910634,0.5870480170047261,308840.32367074525,308886.2798281949,4.147281449337664,2.0363226388144215,0.01134407610928894,1.9855931866244714,2.10126012727007,5
4,shell_weight + whole_weight_1 + sex_I + whole_weight,"('shell_weight', 'whole_weight_1', 'sex_I', 'whole_weight')",301344.26263718953,0.5860556085720544,0.5860327661649233,309018.32800142403,309064.28415887366,4.1574762851413345,2.038842294125166,0.011437280292011524,1.9948299672666252,2.101151756607015,5
4,shell_weight + whole_weight_1 + sex_I + whole_weight_2,"('shell_weight', 'whole_weight_1', 'sex_I', 'whole_weight_2')",305224.675744147,0.5807252424718629,0.5807021059228249,309945.84910147043,309991.80525892007,4.211005131178931,2.0518668101043978,0.01177794582640458,2.0016510202960927,2.12277535241207,5
4,shell_weight + whole_weight_1 + whole_weight + whole_weight_2,"('shell_weight', 'whole_weight_1', 'whole_weight', 'whole_weight_2')",308629.24827913963,0.5760485192658642,0.5760251246444432,310749.97136317537,310795.927520625,4.257969934674388,2.0633588654838646,0.011568446261314761,2.016211548652165,2.1283949898747916,5
4,whole_weight_1 + height + sex_I + whole_weight,"('whole_weight_1', 'height', 'sex_I', 'whole_weight')",322721.5330559638,0.5566905192338707,0.556666056393319,313986.6747804076,314032.6309378572,4.452367727214588,2.110748758499002,0.011601438723145995,2.0609370028189096,2.1750289351226177,5
4,whole_weight_1 + height + diameter + whole_weight,"('whole_weight_1', 'height', 'diameter', 'whole_weight')",323716.56869571994,0.5553236791329731,0.5552991408670293,314209.84287761536,314255.799035065,4.466093871337472,2.1138981035192854,0.011153761868612755,2.0689093809314527,2.168377031459508,5
4,shell_weight + height + sex_I + whole_weight,"('shell_weight', 'height', 'sex_I', 'whole_weight')",324769.62552045734,0.5538771376835351,0.5538525195940946,314445.27815170406,314491.2343091537,4.480620395984846,2.1168187627128834,0.012626533291727797,2.053873904583718,2.203466597653245,5
4,whole_weight_1 + height + whole_weight + whole_weight_2,"('whole_weight_1', 'height', 'whole_weight', 'whole_weight_2')",327032.49672450486,0.5507687232898388,0.5507439336709162,314948.6233013369,314994.5794587865,4.511835857057068,2.124916755263469,0.012137060378696279,2.0742174290711635,2.195158099264043,5
4,shell_weight + height + whole_weight + whole_weight_2,"('shell_weight', 'height', 'whole_weight', 'whole_weight_2')",328961.8497393693,0.5481184493055312,0.5480935134383719,315375.0387507591,315420.9949082087,4.5384505595740965,2.130491143204401,0.013480279845554964,2.0634710251240365,2.2239913610405995,5
4,shell_weight + height + diameter + whole_weight,"('shell_weight', 'height', 'diameter', 'whole_weight')",329798.49932722375,0.546969177700185,0.5469441784135654,315559.17379962245,315605.1299570721,4.549991827408539,2.1332299042553755,0.012537214270232492,2.0678657957058375,2.218655892546986,5
4,whole_weight_1 + diameter + sex_I + whole_weight,"('whole_weight_1', 'diameter', 'sex_I', 'whole_weight')",330206.7040029929,0.5464084434933661,0.5463834132641384,315648.8445385188,315694.80069596844,4.555622858084602,2.134240201047411,0.010701907235874011,2.0838058184911388,2.1719952485401985,5
4,shell_weight + diameter + sex_I + whole_weight,"('shell_weight', 'diameter', 'sex_I', 'whole_weight')",331985.85405460134,0.5439644972276337,0.543939332135809,316038.3821565828,316084.3383140324,4.5801655669574215,2.1399132525443054,0.011573825082496119,2.0823998440701,2.2133851063426953,5
4,shell_weight + height + sex_I + whole_weight_2,"('shell_weight', 'height', 'sex_I', 'whole_weight_2')",332271.0977255748,0.5435726695659538,0.5435474828521742,316100.64085154043,316146.59700899007,4.584100396607224,2.141056445455699,0.012078277027366361,2.0843018033937155,2.220250018027074,5
4,whole_weight_1 + diameter + whole_weight + whole_weight_2,"('whole_weight_1', 'diameter', 'whole_weight', 'whole_weight_2')",334630.39920051245,0.54033179282023,0.5403064272673899,316613.55376841885,316659.5099258685,4.616646077164218,2.1485253762016314,0.010375307529353643,2.1006745048040485,2.1849499596627195,5
4,shell_weight + sex_I + whole_weight + whole_weight_2,"('shell_weight', 'sex_I', 'whole_weight', 'whole_weight_2')",335222.8129087976,0.5395180181367383,0.5394926076779325,316741.7766834134,316787.73284086306,4.624818202478531,2.1502824997193635,0.012260205960009669,2.0941882250537227,2.229401875150654,5
4,shell_weight + diameter + whole_weight + whole_weight_2,"('shell_weight', 'diameter', 'whole_weight', 'whole_weight_2')",337004.6483776235,0.5370703830222915,0.5370448374973296,317126.07850610244,317172.03466355207,4.649397955676483,2.156026664264786,0.011788208633158036,2.09585634479223,2.2319976945509716,5
4,shell_weight + height + diameter + whole_weight_2,"('shell_weight', 'height', 'diameter', 'whole_weight_2')",338576.93189725786,0.534910600921277,0.5348849362145527,317463.5009167042,317509.4570741538,4.671087018188682,2.1614473352114407,0.012468136371307089,2.100244025765058,2.244341341049271,5
4,shell_weight + diameter + sex_I + whole_weight_2,"('shell_weight', 'diameter', 'sex_I', 'whole_weight_2')",340861.5174672641,0.5317723583837712,0.531746520501579,317951.0058598017,317996.96201725135,4.7026020208097465,2.168316614998047,0.01124918676060469,2.117308617475704,2.237088723688387,5
4,whole_weight_1 + sex_I + whole_weight + whole_weight_2,"('whole_weight_1', 'sex_I', 'whole_weight', 'whole_weight_2')",345438.35052002606,0.5254853484499739,0.5254591636360596,318917.8972022265,318963.85335967614,4.765737719269742,2.182934462288573,0.010177834619445946,2.137258906063009,2.2278963714257425,5
4,shell_weight + height + diameter + sex_I,"('shell_weight', 'height', 'diameter', 'sex_I')",362557.0367950797,0.5019701034270263,0.5019426209876054,322424.1622079562,322470.1183654058,5.001883587435245,2.2365949740228883,0.011405503992542646,2.1828224408979575,2.3046170891497666,5
4,whole_weight_1 + height + diameter + whole_weight_2,"('whole_weight_1', 'height', 'diameter', 'whole_weight_2')",367344.8258217543,0.49539331182798285,0.49536546646601876,323375.1979510116,323421.1541084612,5.067929344576372,2.2523723931675086,0.012616136692160624,2.1953274438446866,2.330632296379603,5
4,whole_weight_1 + height + diameter + sex_I,"('whole_weight_1', 'height', 'diameter', 'sex_I')",369699.1617606941,0.4921592560376632,0.49213123221303456,323838.3211953353,323884.27735278493,5.100406527423305,2.259607235764832,0.013225538432417814,2.2002750937755513,2.346366122036174,5
4,whole_weight_1 + height + sex_I + whole_weight_2,"('whole_weight_1', 'height', 'sex_I', 'whole_weight_2')",371662.62314727996,0.48946212876651585,0.48943395610817797,324222.3053135603,324268.26147100993,5.127491742158528,2.2655665380930907,0.01652486659288085,2.1974859631767116,2.371994755790091,5
4,whole_weight_1 + diameter + sex_I + whole_weight_2,"('whole_weight_1', 'diameter', 'sex_I', 'whole_weight_2')",385059.076088429,0.47105996470509637,0.4710307765728633,326789.2652406046,326835.2213980542,5.312290795035384,2.304780147427077,0.0090261200732535,2.267131749554223,2.340324879761649,5
4,height + sex_I + whole_weight + whole_weight_2,"('height', 'sex_I', 'whole_weight', 'whole_weight_2')",392002.64692976105,0.46152186306314635,0.4614921485964454,328084.829595727,328130.7857531766,5.408074755214881,2.3263535496953383,0.013621661276752833,2.266438587680973,2.4147975213338904,5
4,height + diameter + sex_I + whole_weight_2,"('height', 'diameter', 'sex_I', 'whole_weight_2')",393556.2143932452,0.45938779044936495,0.45935795821961056,328371.5588656359,328417.5150230855,5.42950563673952,2.331188280813935,0.012964774608775376,2.272115283926889,2.415294752510255,5
4,height + diameter + sex_I + whole_weight,"('height', 'diameter', 'sex_I', 'whole_weight')",395324.3095063749,0.45695902990424575,0.4569290636498776,328696.5078577206,328742.46401517023,5.453895846874841,2.3362988989893423,0.012467982943497855,2.278819771570675,2.4164064946671324,5
4,height + diameter + whole_weight + whole_weight_2,"('height', 'diameter', 'whole_weight', 'whole_weight_2')",399042.80972271116,0.45185107697491045,0.45182082885190766,329375.1952809808,329421.1514384304,5.50519116520426,2.3473339291199444,0.013198300503825686,2.2853712170168636,2.431926963999988,5
4,diameter + sex_I + whole_weight + whole_weight_2,"('diameter', 'sex_I', 'whole_weight', 'whole_weight_2')",415621.5543021456,0.42907752795985654,0.4290460231398452,332326.08488406247,332372.0410415121,5.7338887398253835,2.394415009384902,0.008328110288098352,2.355883562985852,2.4357268235477716,5
5,shell_weight + whole_weight_1 + height + diameter + sex_I,"('shell_weight', 'whole_weight_1', 'height', 'diameter', 'sex_I')",289678.93605108047,0.602079794571935,0.6020523464988292,306158.33309292333,306213.4804818629,3.9966664724578136,1.9992274642478602,0.011299263922603352,1.9493483269921363,2.069207912253299,6
5,shell_weight + whole_weight_1 + height + sex_I + whole_weight,"('shell_weight', 'whole_weight_1', 'height', 'sex_I', 'whole_weight')",290331.25703152135,0.6011837276984489,0.6011562178156921,306321.39254607126,306376.53993501083,4.005664996163063,2.001611836846665,0.011608111806062438,1.953159150136594,2.0736301609498025,6
5,shell_weight + whole_weight_1 + height + sex_I + whole_weight_2,"('shell_weight', 'whole_weight_1', 'height', 'sex_I', 'whole_weight_2')",292205.379801467,0.5986093212615144,0.5985816337991949,306787.83317134634,306842.9805602859,4.031517818128874,2.008021387109012,0.012110904927892838,1.9535899661852731,2.088920001811883,6
5,shell_weight + whole_weight_1 + height + diameter + whole_weight,"('shell_weight', 'whole_weight_1', 'height', 'diameter', 'whole_weight')",292344.623157504,0.5984180483108676,0.5983903476547624,306822.3692401366,306877.51662907616,4.033438628094622,2.0085087573273066,0.011376575119692596,1.9602800491466217,2.074963153523199,6
5,shell_weight + whole_weight_1 + diameter + sex_I + whole_weight,"('shell_weight', 'whole_weight_1', 'diameter', 'sex_I', 'whole_weight')",293297.6226064388,0.5971089516203643,0.5970811606642914,307058.29790659196,307113.44529553154,4.046584898702894,2.011478276359451,0.01116107418190541,1.968391190183998,2.069263147560216,6
5,shell_weight + whole_weight_1 + height + diameter + whole_weight_2,"('shell_weight', 'whole_weight_1', 'height', 'diameter', 'whole_weight_2')",294040.5885361389,0.5960883694565298,0.5960605081018859,307241.69859083707,307296.84597977664,4.05683383554696,2.014298901938166,0.011626112354812281,1.960927427641459,2.087678733355787,6
5,shell_weight + whole_weight_1 + height + whole_weight + whole_weight_2,"('shell_weight', 'whole_weight_1', 'height', 'whole_weight', 'whole_weight_2')",294251.1870618645,0.5957990788033607,0.5957711974937838,307293.60041782935,307348.7478067689,4.059738963364175,2.015145794903849,0.01213711615486567,1.963043132966489,2.0924698951635907,6
5,shell_weight + whole_weight_1 + diameter + sex_I + whole_weight_2,"('shell_weight', 'whole_weight_1', 'diameter', 'sex_I', 'whole_weight_2')",295243.375859478,0.5944361492940496,0.59440817397118,307537.62580079277,307592.77318973234,4.073425836365521,2.0180889567113467,0.011232816689960836,1.9701951896188983,2.081993558001621,6
5,shell_weight + whole_weight_1 + diameter + whole_weight + whole_weight_2,"('shell_weight', 'whole_weight_1', 'diameter', 'whole_weight', 'whole_weight_2')",297111.4171743768,0.5918700967052568,0.5918419443790631,307994.8467147119,308049.9941036515,4.099194766935774,2.024521461698114,0.01125239580987631,1.9793222322104362,2.083628816514616,6
5,shell_weight + whole_weight_1 + sex_I + whole_weight + whole_weight_2,"('shell_weight', 'whole_weight_1', 'sex_I', 'whole_weight', 'whole_weight_2')",300304.0640263571,0.5874844872145646,0.5874560323741274,308769.6627889135,308824.8101778531,4.143236134976114,2.035341945103743,0.011486652834359564,1.9920584739908003,2.0981366683900204,6
5,whole_weight_1 + height + diameter + sex_I + whole_weight,"('whole_weight_1', 'height', 'diameter', 'sex_I', 'whole_weight')",318950.22320406477,0.5618710146176842,0.5618407929896883,313136.54769495456,313191.6950838941,4.400452919969046,2.098269315899482,0.010874844551064602,2.0530695170383826,2.1509354148178312,6
5,whole_weight_1 + height + sex_I + whole_weight + whole_weight_2,"('whole_weight_1', 'height', 'sex_I', 'whole_weight', 'whole_weight_2')",320367.4652915698,0.5599242066436936,0.5598938507271471,313457.9493503451,313513.0967392847,4.420003243970386,2.1031082729981514,0.011420704019494065,2.053342415052759,2.167963370728041,6
5,whole_weight_1 + height + diameter + whole_weight + whole_weight_2,"('whole_weight_1', 'height', 'diameter', 'whole_weight', 'whole_weight_2')",321665.98835839215,0.5581404781733159,0.5581099992172536,313751.1822402428,313806.32962918235,4.437915883528162,2.107259878929824,0.010903032089865669,2.0624961536202564,2.1621259131385497,6
5,shell_weight + height + sex_I + whole_weight + whole_weight_2,"('shell_weight', 'height', 'sex_I', 'whole_weight', 'whole_weight_2')",322413.2158777797,0.5571140420365726,0.5570834922781389,313919.3852850906,313974.53267403017,4.448223607406487,2.10915189366799,0.012884360545634773,2.0467877060882373,2.1979834109278342,6
5,shell_weight + height + diameter + sex_I + whole_weight,"('shell_weight', 'height', 'diameter', 'sex_I', 'whole_weight')",324281.89734683407,0.5545471100939801,0.5545163832715656,314338.3302602915,314393.4776492311,4.474001368663651,2.1153057828036843,0.012235090731378141,2.053415104647652,2.198532382557276,6
5,shell_weight + height + diameter + whole_weight + whole_weight_2,"('shell_weight', 'height', 'diameter', 'whole_weight', 'whole_weight_2')",327802.91417908785,0.5497104320796731,0.5496793716288328,315121.1978516921,315176.34524063166,4.522572477644695,2.1267914327571833,0.012761220090834911,2.0618548972928226,2.214253208001611,6
5,whole_weight_1 + diameter + sex_I + whole_weight + whole_weight_2,"('whole_weight_1', 'diameter', 'sex_I', 'whole_weight', 'whole_weight_2')",328288.68537597,0.5490431478888049,0.5490120414094771,315228.5442407118,315283.69162965135,4.5292735094396805,2.1280761169881433,0.010397026074661028,2.079911786772167,2.1672350112064516,6
5,shell_weight + diameter + sex_I + whole_weight + whole_weight_2,"('shell_weight', 'diameter', 'sex_I', 'whole_weight', 'whole_weight_2')",330050.21631717513,0.5466234042804238,0.5465921308899953,315616.48183762596,315671.62922656554,4.553573169280837,2.133677509938012,0.011673562568710424,2.077306164587416,2.2082420163816097,6
5,shell_weight + height + diameter + sex_I + whole_weight_2,"('shell_weight', 'height', 'diameter', 'sex_I', 'whole_weight_2')",332262.33407955634,0.5435847078310466,0.5435532248348702,316100.72885073867,316155.87623967824,4.584088505626658,2.1411804146182547,0.012186756663341142,2.084162628011276,2.2214920937890597,6
5,whole_weight_1 + height + diameter + sex_I + whole_weight_2,"('whole_weight_1', 'height', 'diameter', 'sex_I', 'whole_weight_2')",360712.12069246825,0.5045043898496304,0.5044702111385586,322056.3359909955,322111.4833799351,4.9765426607460075,2.231936667926079,0.011881258615640182,2.1784127674111646,2.307474009708824,6
5,height + diameter + sex_I + whole_weight + whole_weight_2,"('height', 'diameter', 'sex_I', 'whole_weight', 'whole_weight_2')",390892.68250932434,0.4630465761686934,0.4630095377458372,327881.27569432254,327936.4230832621,5.392872211825521,2.3232182305105207,0.012506410020293209,2.26626283902967,2.4042611009468353,6
6,shell_weight + whole_weight_1 + height + diameter + sex_I + whole_weight,"('shell_weight', 'whole_weight_1', 'height', 'diameter', 'sex_I', 'whole_weight')",288150.82124389417,0.6041789039040888,0.6041461395172973,305776.9109674509,305841.2495878804,3.9756957010329517,1.9940481190096704,0.011182874273952394,1.9483156845685237,2.058972427803824,7
6,shell_weight + whole_weight_1 + height + sex_I + whole_weight + whole_weight_2,"('shell_weight', 'whole_weight_1', 'height', 'sex_I', 'whole_weight', 'whole_weight_2')",288687.991034437,0.6034410155497735,0.6034081900837226,305911.92450289073,305976.26312332024,3.983105757184566,1.9959728224778044,0.01172744070589456,1.947713518027507,2.069267545842042,7
6,shell_weight + whole_weight_1 + height + diameter + sex_I + whole_weight_2,"('shell_weight', 'whole_weight_1', 'height', 'diameter', 'sex_I', 'whole_weight_2')",289396.574002738,0.6024676638654817,0.6024347578295184,306089.6376797162,306153.97630014573,3.9928803939486364,1.9983195993352338,0.011396093963254736,1.9476737325318199,2.069975706559065,7
6,shell_weight + whole_weight_1 + height + diameter + whole_weight + whole_weight_2,"('shell_weight', 'whole_weight_1', 'height', 'diameter', 'whole_weight', 'whole_weight_2')",290942.5411100305,0.6003440315527395,0.6003109497315258,306475.86190524977,306540.2005256793,4.01420643140508,2.003719518815276,0.011442617793088675,1.9556021650546085,2.071245551548896,7
6,shell_weight + whole_weight_1 + diameter + sex_I + whole_weight + whole_weight_2,"('shell_weight', 'whole_weight_1', 'diameter', 'sex_I', 'whole_weight', 'whole_weight_2')",291926.7656539684,0.5989920422156824,0.5989588484825417,306720.67998924793,306785.01860967744,4.027783440508676,2.0067895095040686,0.011198073124405999,1.9643392166967641,2.0649223283111624,7
6,whole_weight_1 + height + diameter + sex_I + whole_weight + whole_weight_2,"('whole_weight_1', 'height', 'diameter', 'sex_I', 'whole_weight', 'whole_weight_2')",316503.4861456536,0.5652319980781445,0.5651960098321416,312580.30171492946,312644.64033535897,4.366810098507975,2.0902673544231996,0.010627915952390338,2.0449620087816487,2.1430711220596645,7
6,shell_weight + height + diameter + sex_I + whole_weight + whole_weight_2,"('shell_weight', 'height', 'diameter', 'sex_I', 'whole_weight', 'whole_weight_2')",321871.1060078867,0.5578587163775277,0.5578221178026262,313799.39368409227,313863.7323045218,4.4408544049450045,2.107449982212438,0.01245838553614142,2.046231902381119,2.1925829586173355,7
7,shell_weight + whole_weight_1 + height + diameter + sex_I + whole_weight + whole_weight_2,"('shell_weight', 'whole_weight_1', 'height', 'diameter', 'sex_I', 'whole_weight', 'whole_weight_2')",286433.9252540241,0.6065373342901603,0.6064993364056621,305345.6882086614,305419.2180605808,3.9521207638700253,1.9881265347528856,0.011267265580514298,1.9426740638980722,2.0539987323023317,8
